{
  "version": 2,
  "bravais": "icosahedral",
  "scan": {
    "scanpath": "/home/ndf61257/MintSpace/i16extra/data/2021/mm29043-1/",
    "scannum": 913232,
    "datapoint": 10,
    "datapoint0": 1
  },
  "scannum": 913232,
  "datapoint": 10,
  "hkl": [
    1.9251688431076892,
    3.996065695738433,
    1.385335964474638
  ],
  "initial_guess": [
    6.461308000000001,
    6.461308000000001,
    6.461308000000001,
    90.0,
    90.0,
    90.0,
    0.02378599999999942,
    0.040000000000000036,
    0.20000000000000018,
    0.0,
    4826.91651,
    0.22857199999999978,
    0.6670379999999998,
    -2.0970340000000007,
    6.3,
    0.0,
    6.938893903907228e-18,
    -6.938893903907228e-18,
    0.0,
    0.0,
    6.938893903907228e-18,
    6.938893903907228e-18,
    0.0,
    0.0
  ],
  "ref_6d": [
    [2, 3, 0, -2, 0, 3],
    [2, 2, 1, 0, 0, 1],
    [0, 2, 0, -2, -1, 1],
    [-1, -1, -2, -1, 1, 1],
    [1, 0, -3, -1, 3, 4],
    [2, 3, -1, -2, 1, 4],
    [0, 1, -3, -3, 1, 4],
    [2, 1, 1, 1, 1, 1],
    [-1, 1, -1, -2, -1, 1],
    [1, 2, 1, -1, -1, 1],
    [1, -1, -1, 1, 2, 1],
    [-1, 0, -2, -2, 0, 1],
    [3, 3, 0, -1, 1, 4],
    [0, -1, -2, 0, 2, 1],
    [2, 0, 0, 1, 2, 1],
    [1, 4, -4, -2, 1, -4],
    [1, 3, -1, -3, 0, 4],
    [-1, -1, 2, -4, 4, -1],
    [0, 2, -2, -3, 0, 3],
    [1, 2, -2, -3, 1, 4],
    [1, 2, 1, 0, 0, 1],
    [3, 1, -1, 0, 3, 4],
    [1, 1, -3, -2, 2, 4],
    [0, 0, -3, -2, 2, 3],
    [6, -3, -1, -1, -7, 4]
  ],
  "ref_6d_checked": [
    true,
    true,
    true,
    true,
    true,
    true,
    false,
    false,
    true,
    true,
    true,
    true,
    true,
    true,
    true,
    true,
    true,
    true,
    true,
    true,
    true,
    true,
    true,
    true,
    true
  ],
  "manual_centres": {
    "0": 28.61523780639527,
    "9": 33.042603423474745,
    "20": 33.11937355966874,
    "26": 19.969562216347747,
    "27": 19.863290900369385,
    "28": 35.22314535197478,
    "29": 31.55313565798917,
    "30": 37.40752232553402,
    "31": 36.496291672374454,
    "32": 35.89416749855944,
    "33": 36.52857849456511,
    "34": 38.23232021455032,
    "35": 38.0445612052601,
    "36": 26.602652942174654,
    "37": 30.53992688863147,
    "39": 36.49147013739177,
    "40": 35.21278514889646,
    "44": 38.885856460496136,
    "45": 36.88500488588048
  },
  "peak_method": "gauss",
  "fit_result": null
}
