{
  "version": 2,
  "bravais": "icosahedral",
  "scan": {
    "scanpath": "/home/ndf61257/MintSpace/i16extra/data/2021/mm29043-1/",
    "scannum": 913123,
    "datapoint": 3,
    "datapoint0": 1
  },
  "scannum": 913123,
  "datapoint": 3,
  "hkl": [
    2.279680642791141,
    3.703079697081845,
    1.2960038712280701
  ],
  "initial_guess": [
    6.461053,
    6.461053,
    6.461053,
    90.0,
    90.0,
    90.0,
    -2.171374,
    0.0,
    0.0,
    0.0,
    4826.86251,
    0.22857199999999978,
    0.6670379999999998,
    -2.0970340000000007,
    6.29954667,
    0.001228,
    0.0007300000000000015,
    0.0004909999999999984,
    0.0005070000000000005,
    -0.0009510000000000005,
    -0.0027410000000000004,
    -0.00044099999999999695,
    -0.0014050000000000035,
    0.002354000000000002
  ],
  "ref_6d": [
    [2, 3, 0, -2, 0, 3],
    [2, 2, 1, 0, 0, 1],
    [0, 2, 0, -2, -1, 1],
    [-1, -1, -2, -1, 1, 1],
    [1, 0, -3, -1, 3, 4],
    [2, 3, -1, -2, 1, 4],
    [0, 1, -3, -3, 1, 4],
    [2, 1, 1, 1, 1, 1],
    [-1, 1, -1, -2, -1, 1],
    [1, 2, 1, -1, -1, 1],
    [1, -1, -1, 1, 2, 1],
    [-1, 0, -2, -2, 0, 1],
    [3, 3, 0, -1, 1, 4],
    [0, -1, -2, 0, 2, 1],
    [2, 0, 0, 1, 2, 1],
    [1, 4, -4, -2, 1, -4],
    [1, 3, -1, -3, 0, 4],
    [-1, -1, 2, -4, 4, -1],
    [0, 2, -2, -3, 0, 3],
    [1, 2, -2, -3, 1, 4],
    [1, 2, 1, 0, 0, 1],
    [3, 1, -1, 0, 3, 4],
    [1, 1, -3, -2, 2, 4],
    [0, 0, -3, -2, 2, 3],
    [6, -3, -1, -1, -7, 4]
  ],
  "ref_6d_checked": [
    true,
    true,
    false,
    true,
    true,
    true,
    false,
    true,
    true,
    false,
    true,
    true,
    false,
    true,
    true,
    false,
    true,
    true,
    false,
    false,
    false,
    true,
    true,
    true,
    false
  ],
  "manual_centres": {
    "0": 20.7208259263602,
    "8": 22.548797041736456,
    "24": 29.58212373389463,
    "28": 26.020563018979168,
    "30": 24.613464874546793
  },
  "peak_method": "gauss",
  "fit_result": null
}
