{
  "scannum": 1041984,
  "datapoint": 35,
  "hkl": [
    0.5146808,
    2.7053424,
    2.710281
  ],
  "initial_guess": [
    4.016166,
    4.016166,
    4.023,
    90.0,
    90.0,
    90.0,
    0.0,
    0.0,
    0.0,
    0.0,
    5058.0,
    0.0,
    0.0,
    0.0,
    8.355,
    0.0,
    0.0,
    0.0,
    0.0,
    0.0,
    0.0,
    0.0,
    0.0,
    0.0
  ],
  "ref_6d": [
    [-1, -1, 2],
    [1, 2, 1],
    [-1, 1, -1],
    [-2, 1, -1],
    [-2, -1, 1],
    [-1, -1, 1],
    [-1, 2, -1],
    [1, 1, 2],
    [-4, 3, 1],
    [-1, 4, 3],
    [-1, 0, 3],
    [-2, 0, 4],
    [-4, 1, 3],
    [0, 0, 3],
    [-4, 2, 0],
    [0, 3, 0],
    [1, 1, 1],
    [-3, 4, 1],
    [-3, 1, 4]
  ],
  "ref_6d_checked": [
    true,
    true,
    true,
    true,
    true,
    true,
    true,
    true,
    true,
    true,
    true,
    true,
    true,
    true,
    true,
    true,
    true,
    true,
    true
  ]
}
