{
  "scannum": 1041993,
  "datapoint": 68,
  "hkl": [
    -0.51600082010772,
    2.711848966606822,
    2.711850766606822
  ],
  "initial_guess": [
    4.050197999999999,
    4.050197999999999,
    4.050197999999999,
    90.0,
    90.0,
    90.0,
    -0.8660300000000003,
    0.6134000000000004,
    -1.8133,
    0.0,
    4885.26051,
    0.22857199999999978,
    0.6670380000000007,
    -2.0970340000000007,
    8.32,
    0.001228,
    0.0007300000000000015,
    0.0004909999999999984,
    0.0005070000000000005,
    -0.0009510000000000005,
    -0.0027410000000000004,
    -0.00044099999999999695,
    -0.0014050000000000035,
    0.002354000000000002
  ],
  "ref_6d": [
    [1, -1, 2],
    [1, -1, 1],
    [0, 0, 3],
    [2, -1, 1],
    [-1, 1, 2],
    [-1, 2, 1],
    [1, 1, -1],
    [2, 1, -1],
    [1, 2, -1],
    [0, -1, 2],
    [2, 4, 2],
    [-1, 0, 2],
    [1, 3, 0],
    [-1, 1, 1],
    [4, 2, 2],
    [-1, 2, 0],
    [3, 3, 0],
    [2, 2, 4],
    [4, 3, 1]
  ],
  "ref_6d_checked": [
    true,
    true,
    true,
    true,
    true,
    true,
    true,
    true,
    true,
    true,
    true,
    true,
    true,
    true,
    true,
    true,
    true,
    true,
    true
  ]
}
