{
  "scannum": 1041993,
  "datapoint": 71,
  "hkl": [
    -0.51888,
    2.7099012,
    2.7063
  ],
  "initial_guess": [
    4.027799999999999,
    4.027799999999999,
    4.024602,
    89.97201,
    89.94,
    89.95599,
    -0.8800000000000008,
    1.0933000000000002,
    -1.6800000000000006,
    0.0,
    4918.06251,
    -2.800000000036107e-05,
    0.30703800000000037,
    0.5429659999999998,
    8.355,
    0.001228,
    0.0007300000000000015,
    0.0004909999999999984,
    0.0005070000000000005,
    -0.0009510000000000005,
    -0.0027410000000000004,
    -0.00044099999999999695,
    -0.0014050000000000035,
    0.002354000000000002
  ],
  "ref_6d": [
    [1, -1, 2],
    [1, -1, 1],
    [0, 0, 3],
    [2, -1, 1],
    [-1, 1, 2],
    [-1, 2, 1],
    [1, 1, -1],
    [2, 1, -1],
    [1, 2, -1],
    [0, -1, 2],
    [2, 4, 2],
    [-1, 0, 2],
    [1, 3, 0],
    [-1, 1, 1],
    [4, 2, 2],
    [-1, 2, 0],
    [3, 3, 0],
    [2, 2, 4]
  ],
  "ref_6d_checked": [
    true,
    true,
    true,
    true,
    true,
    true,
    true,
    true,
    true,
    true,
    true,
    true,
    true,
    true,
    true,
    true,
    true,
    true
  ]
}
