{
  "scan": {
    "scannum": 913232,
    "scanpath": "/home/ndf61257/MintSpace/i16extra/data/2021/mm29043-1/",
    "datapoint": 10,
    "datapoint0": 8
  },
  "flags": {
    "save": 1,
    "fit": 1,
    "firstplot": 1,
    "show_centres": 1,
    "show_numbers": 1,
    "axis_off": 0,
    "autoreflist": 0,
    "detoptimize": 1,
    "energyopt": 0
  },
  "display": {
    "zoomval": 2,
    "colourlim": [0, 600],
    "colmap": "gray",
    "colourmap": [2, 3000],
    "subcellsx": 7,
    "subcellsy": 4
  },
  "roi": {
    "width_per_zoom": 45,
    "comwidth_per_zoom": 5
  },
  "experiment": {
    "lattice": [6.458, 6.458, 6.458, 90.0, 90.0, 90.0],
    "energy": 6.3,
    "energy0": 6.299,
    "azir": [0.0, 1.5748, 2.548],
    "image_template": "913232-pilatus2M-files/%05d.tif"
  },
  "geometry": {
    "hkl": [1.90755558, 4.00651662, 1.39816154],
    "psi": -180,
    "px_unscaled": 1145,
    "py_unscaled": 817,
    "scatv": 0
  },
  "computation": {
    "numsteps": 600,
    "simsigma_per_zoom": 2.0,
    "thrange_delta": [-27, 10],
    "bravais": "icosahedral",
    "opt_method": "COBYLA",
    "tolerance": 1e-06,
    "intensity": 1,
    "threshold": 0,
    "n_parallel_starts": 1
  },
  "crystal": {
    "lattice2": [6.458, 6.458, 6.458, 90, 90, 90],
    "initial_guess_base": [
      6.461485, 6.461485, 6.461485, 90.0, 90.0, 90.0,
      0.023283, 0.002190, -0.000118, 0.002480,
      9628.715054,
      0.615757, 0.686783, -1.440771,
      0.00004667,
      0.001969, 0.001804, 0.000771, 0.001408, -0.002829,
      -0.003810, 0.000447, -0.000306, 0.003065
    ],

    
    
   "ref_6d": [
    [-3, 1, 2, -4, 2, 4],
    [1, 0, -3, -1, 3, 4],
    [2, 2, 1, 0, 0, 1],
    [0, 2, 0, -2, -1, 1],
    [-1, 1, -1, -2, -1, 1],
    [2, 1, 1, 1, 1, 1],
    [-1, -1, -2, -1, 1, 1],
    [1, 2, 1, -1, -1, 1],
    [1, -1, -1, 1, 2, 1],
    [0, -1, -2, 0, 2, 1],
    [1, 4, -4, -2, 1, -4],
    [2, 3, 0, -2, 0, 3],
    [1, 3, -1, -3, 0, 4],
    [3, 3, 0, -1, 1, 4],
    [2, 3, -1, -2, 1, 4],
    [1, 2, 1, 0, 0, 1],
    [2, 0, 0, 1, 2, 1],
    [-1, -1, 2, -4, 4, -1],
    [0, 0, -3, -2, 2, 3],
    [3, 1, -1, 0, 3, 4],
    [0, 1, -3, -3, 1, 4],
    [5, 2, -7, -1, -3, 3],
    [6, -3, -1, -1, -7, 4],
    [-2, 3, -4, 2, 1, 6],
    [5, -3, 2, -1, -1, 2]
    ]   
    
    
  },
  "manual_centres": {
    "15": 22.2,
    "20": 26.1,     
    "23": 24.1,
    "24": 25.08,
    "25": 22.31,
    "27": 19.5
  },
  "paths": {
    "cif_file": "/home/ndf61257/Python/calcms/cif/PMN-PT_Pm-3m_161999.cif"
  }
}
