{
  "scannum": 913123,
  "datapoint": 3,
  "hkl": [
    2.279680642791141,
    3.703079697081845,
    1.2960038712280701
  ],
  "initial_guess": [
    6.461213,
    6.461213,
    6.461213,
    90.0,
    90.0,
    90.0,
    -2.171374,
    -0.00039999999999995595,
    0.00039999999999995595,
    -0.00019999999999997797,
    4826.3825099999995,
    2.2305720000000004,
    0.6700379999999999,
    -2.0970340000000007,
    6.2995,
    0.0014980000000000063,
    0.0009900000000000048,
    0.0004909999999999984,
    0.000556999999999995,
    -0.000890999999999996,
    -0.002701000000000002,
    -0.0006509999999999988,
    -0.0014149999999999996,
    0.0018639999999999976
  ],
  "ref_6d": [
    [2, 3, 0, -2, 0, 3],
    [2, 2, 1, 0, 0, 1],
    [0, 2, 0, -2, -1, 1],
    [-1, -1, -2, -1, 1, 1],
    [1, 0, -3, -1, 3, 4],
    [2, 3, -1, -2, 1, 4],
    [0, 1, -3, -3, 1, 4],
    [2, 1, 1, 1, 1, 1],
    [-1, 1, -1, -2, -1, 1],
    [1, 2, 1, -1, -1, 1],
    [1, -1, -1, 1, 2, 1],
    [-1, 0, -2, -2, 0, 1],
    [3, 3, 0, -1, 1, 4],
    [0, -1, -2, 0, 2, 1],
    [2, 0, 0, 1, 2, 1],
    [1, 4, -4, -2, 1, -4],
    [1, 3, -1, -3, 0, 4],
    [-1, -1, 2, -4, 4, -1],
    [0, 2, -2, -3, 0, 3],
    [1, 2, -2, -3, 1, 4],
    [1, 2, 1, 0, 0, 1],
    [3, 1, -1, 0, 3, 4],
    [1, 1, -3, -2, 2, 4],
    [0, 0, -3, -2, 2, 3],
    [-2, 2, 6, -4, 4, 4]
  ],
  "ref_6d_checked": [
    true,
    true,
    true,
    true,
    true,
    true,
    true,
    true,
    true,
    true,
    true,
    true,
    true,
    true,
    true,
    true,
    true,
    true,
    true,
    true,
    true,
    true,
    true,
    true,
    true
  ]
}
