{
  "scan": {
    "scannum": 913123,
    "scanpath": "/home/ndf61257/MintSpace/i16extra/data/2021/mm29043-1/",
    "datapoint": 3,
    "datapoint0": 3
  },
  "flags": {
    "save": 1,
    "fit": 1,
    "firstplot": 1,
    "show_centres": 1,
    "show_numbers": 1,
    "axis_off": 0,
    "autoreflist": 0,
    "detoptimize": 1,
    "energyopt": 0
  },
  "display": {
    "zoomval": 1,
    "colourlim": [
      0,
      1000
    ],
    "colmap": "gray",
    "colourmap": [
      2,
      3000
    ],
    "subcellsx": 7,
    "subcellsy": 4
  },
  "roi": {
    "width_per_zoom": 45,
    "comwidth_per_zoom": 5
  },
  "experiment": {
    "lattice": [
      6.547,
      6.547,
      6.547,
      90.0,
      90.0,
      90.0
    ],
    "energy": 6.2995,
    "energy0": 6.2995,
    "azir": [
      0.0,
      1.5748,
      2.548
    ],
    "image_template": "913123-pilatus2M-files/%05d.tif"
  },
  "geometry": {
    "hkl": [
      2.279680642791141,
      3.703079697081845,
      1.2960038712280701
    ],
    "psi": -180.0,
    "px_unscaled": 1145.0,
    "py_unscaled": 817.0,
    "scatv": 0
  },
  "computation": {
    "numsteps": 1000,
    "simsigma_per_zoom": 4.5,
    "thrange_delta": [
      -27,
      10
    ],
    "bravais": "icosahedral",
    "opt_method": "COBYLA",
    "tolerance": 1e-06,
    "intensity": 1,
    "threshold": 0,
    "n_parallel_starts": 1
  },
  "crystal": {
    "lattice2": [
      6.461053,
      6.461053,
      6.461053,
      90.0,
      90.0,
      90.0
    ],
    "initial_guess_base": [
      6.461053,
      6.461053,
      6.461053,
      90.0,
      90.0,
      90.0,
      -2.171374,
      -0.006984000000000101,
      -0.000118,
      -0.013386999999999816,
      9653.72502,
      0.22857199999999978,
      0.6670379999999998,
      -2.0970340000000007,
      4.6669999999693346e-05,
      0.001228,
      0.0007300000000000015,
      0.0004909999999999984,
      0.0005070000000000005,
      -0.0009510000000000005,
      -0.0027410000000000004,
      -0.00044099999999999695,
      -0.0014050000000000035,
      0.002354000000000002
    ],
    "ref_6d": [
      [
        2,
        3,
        0,
        -2,
        0,
        3
      ],
      [
        2,
        2,
        1,
        0,
        0,
        1
      ],
      [
        0,
        2,
        0,
        -2,
        -1,
        1
      ],
      [
        -1,
        -1,
        -2,
        -1,
        1,
        1
      ],
      [
        1,
        0,
        -3,
        -1,
        3,
        4
      ],
      [
        2,
        3,
        -1,
        -2,
        1,
        4
      ],
      [
        0,
        1,
        -3,
        -3,
        1,
        4
      ],
      [
        2,
        1,
        1,
        1,
        1,
        1
      ],
      [
        -1,
        1,
        -1,
        -2,
        -1,
        1
      ],
      [
        1,
        2,
        1,
        -1,
        -1,
        1
      ],
      [
        1,
        -1,
        -1,
        1,
        2,
        1
      ],
      [
        -1,
        0,
        -2,
        -2,
        0,
        1
      ],
      [
        3,
        3,
        0,
        -1,
        1,
        4
      ],
      [
        0,
        -1,
        -2,
        0,
        2,
        1
      ],
      [
        2,
        0,
        0,
        1,
        2,
        1
      ],
      [
        1,
        4,
        -4,
        -2,
        1,
        -4
      ],
      [
        1,
        3,
        -1,
        -3,
        0,
        4
      ],
      [
        -1,
        -1,
        2,
        -4,
        4,
        -1
      ],
      [
        0,
        2,
        -2,
        -3,
        0,
        3
      ],
      [
        1,
        2,
        -2,
        -3,
        1,
        4
      ],
      [
        0,
        -1,
        -1,
        -1,
        3,
        -1
      ],
      [
        1,
        2,
        1,
        0,
        0,
        1
      ],
      [
        3,
        1,
        -1,
        0,
        3,
        4
      ],
      [
        1,
        1,
        -3,
        -2,
        2,
        4
      ],
      [
        0,
        0,
        -3,
        -2,
        2,
        3
      ]
    ],
    "tau_approx": 1.6176470588235294
  },
  "manual_centres": {},
  "paths": {
    "cif_file": "/home/ndf61257/Python/calcms/cif/PMN-PT_Pm-3m_161999.cif"
  }
}